,Instrument,Date,Maturity,PUTCALLIND,Strike,Close,Imp_Vol
1,/GDAX20000F0.EX,15/05/2020,19/06/2020,CALL,2000,8323.3,203.25
2,/GDAX20000R0.EX,15/05/2020,19/06/2020,PUT ,2000,0.1,150.5
3,/GDAX36000F0.EX,15/05/2020,19/06/2020,CALL,3600,6722.5,130.77
4,/GDAX36000R0.EX,15/05/2020,19/06/2020,PUT ,3600,0.4,102.66
5,/GDAX40000F0.EX,15/05/2020,19/06/2020,CALL,4000,6322.5,118.17
6,/GDAX40000R0.EX,15/05/2020,19/06/2020,PUT ,4000,0.7,97.84
7,/GDAX41000F0.EX,15/05/2020,19/06/2020,CALL,4100,6222.5,115.42
8,/GDAX41000R0.EX,15/05/2020,19/06/2020,PUT ,4100,0.8,95.43
9,/GDAX42000F0.EX,15/05/2020,19/06/2020,CALL,4200,6122.6,112.74
10,/GDAX42000R0.EX,15/05/2020,19/06/2020,PUT ,4200,0.9,94.76
11,/GDAX43000F0.EX,15/05/2020,19/06/2020,CALL,4300,6022.6,110.11
12,/GDAX43000R0.EX,15/05/2020,19/06/2020,PUT ,4300,1,93.82
13,/GDAX44000F0.EX,15/05/2020,19/06/2020,CALL,4400,5922.7,107.54
14,/GDAX44000R0.EX,15/05/2020,19/06/2020,PUT ,4400,1.2,92.7
15,/GDAX45000F0.EX,15/05/2020,19/06/2020,CALL,4500,5822.8,105.36
16,/GDAX45000R0.EX,15/05/2020,19/06/2020,PUT ,4500,1.3,90.41
17,/GDAX46000F0.EX,15/05/2020,19/06/2020,CALL,4600,5722.9,102.89
18,/GDAX46000R0.EX,15/05/2020,19/06/2020,PUT ,4600,1.5,90.13
19,/GDAX47000F0.EX,15/05/2020,19/06/2020,CALL,4700,5623,100.78
20,/GDAX47000R0.EX,15/05/2020,19/06/2020,PUT ,4700,1.7,88.72
21,/GDAX48000F0.EX,15/05/2020,19/06/2020,CALL,4800,5523.2,98.39
22,/GDAX48000R0.EX,15/05/2020,19/06/2020,PUT ,4800,2,87.27
23,/GDAX49000F0.EX,15/05/2020,19/06/2020,CALL,4900,5423.3,96.34
24,/GDAX49000R0.EX,15/05/2020,19/06/2020,PUT ,4900,2.2,86.42
25,/GDAX52000F0.EX,15/05/2020,19/06/2020,CALL,5200,5124,90.57
26,/GDAX52000R0.EX,15/05/2020,19/06/2020,PUT ,5200,3.1,83.06
27,/GDAX55000F0.EX,15/05/2020,19/06/2020,CALL,5500,4825,85.14
28,/GDAX55000R0.EX,15/05/2020,19/06/2020,PUT ,5500,4.3,79.69
29,/GDAX56000F0.EX,15/05/2020,19/06/2020,CALL,5600,4725.4,83.6
30,/GDAX56000R0.EX,15/05/2020,19/06/2020,PUT ,5600,4.8,78.51
31,/GDAX58000F0.EX,15/05/2020,19/06/2020,CALL,5800,4526.4,80.47
32,/GDAX58000R0.EX,15/05/2020,19/06/2020,PUT ,5800,6,76.2
33,/GDAX60000F0.EX,15/05/2020,19/06/2020,CALL,6000,4327.7,77.58
34,/GDAX60000R0.EX,15/05/2020,19/06/2020,PUT ,6000,7.4,74.23
35,/GDAX61000F0.EX,15/05/2020,19/06/2020,CALL,6100,4228.4,76.23
36,/GDAX61000R0.EX,15/05/2020,19/06/2020,PUT ,6100,8.2,73.1
37,/GDAX62000F0.EX,15/05/2020,19/06/2020,CALL,6200,4129.2,74.85
38,/GDAX62000R0.EX,15/05/2020,19/06/2020,PUT ,6200,9.1,72.07
39,/GDAX63000F0.EX,15/05/2020,19/06/2020,CALL,6300,4030.1,73.55
40,/GDAX63000R0.EX,15/05/2020,19/06/2020,PUT ,6300,10,71.09
41,/GDAX64000F0.EX,15/05/2020,19/06/2020,CALL,6400,3931.1,72.32
42,/GDAX64000R0.EX,15/05/2020,19/06/2020,PUT ,6400,11.1,70.15
43,/GDAX65000F0.EX,15/05/2020,19/06/2020,CALL,6500,3832.2,71.03
44,/GDAX65000R0.EX,15/05/2020,19/06/2020,PUT ,6500,12.3,69.12
45,/GDAX66000F0.EX,15/05/2020,19/06/2020,CALL,6600,3733.4,69.89
46,/GDAX66000R0.EX,15/05/2020,19/06/2020,PUT ,6600,13.6,68.11
47,/GDAX67000F0.EX,15/05/2020,19/06/2020,CALL,6700,3634.8,68.69
48,/GDAX67000R0.EX,15/05/2020,19/06/2020,PUT ,6700,15,67.11
49,/GDAX68000F0.EX,15/05/2020,19/06/2020,CALL,6800,3536.3,67.59
50,/GDAX68000R0.EX,15/05/2020,19/06/2020,PUT ,6800,16.6,66.2
51,/GDAX69000F0.EX,15/05/2020,19/06/2020,CALL,6900,3438,66.49
52,/GDAX69000R0.EX,15/05/2020,19/06/2020,PUT ,6900,18.4,65.28
53,/GDAX70000F0.EX,15/05/2020,19/06/2020,CALL,7000,3339.8,65.46
54,/GDAX70000R0.EX,15/05/2020,19/06/2020,PUT ,7000,20.3,64.4
55,/GDAX72000F0.EX,15/05/2020,19/06/2020,CALL,7200,3144.1,63.46
56,/GDAX72000R0.EX,15/05/2020,19/06/2020,PUT ,7200,24.7,62.59
57,/GDAX73000F0.EX,15/05/2020,19/06/2020,CALL,7300,3046.5,62.52
58,/GDAX73000R0.EX,15/05/2020,19/06/2020,PUT ,7300,27.2,61.71
59,/GDAX74000F0.EX,15/05/2020,19/06/2020,CALL,7400,2949.1,61.53
60,/GDAX74000R0.EX,15/05/2020,19/06/2020,PUT ,7400,29.9,60.82
61,/GDAX75000F0.EX,15/05/2020,19/06/2020,CALL,7500,2852,60.5
62,/GDAX75000R0.EX,15/05/2020,19/06/2020,PUT ,7500,32.9,59.88
63,/GDAX75500F0.EX,15/05/2020,19/06/2020,CALL,7550,2803.6,60
64,/GDAX75500R0.EX,15/05/2020,19/06/2020,PUT ,7550,34.4,59.39
65,/GDAX76000F0.EX,15/05/2020,19/06/2020,CALL,7600,2755.2,59.48
66,/GDAX76000R0.EX,15/05/2020,19/06/2020,PUT ,7600,36.1,58.93
67,/GDAX76500F0.EX,15/05/2020,19/06/2020,CALL,7650,2706.8,58.97
68,/GDAX76500R0.EX,15/05/2020,19/06/2020,PUT ,7650,37.8,58.44
69,/GDAX77000F0.EX,15/05/2020,19/06/2020,CALL,7700,2658.5,58.44
70,/GDAX77000R0.EX,15/05/2020,19/06/2020,PUT ,7700,39.5,57.96
71,/GDAX77500F0.EX,15/05/2020,19/06/2020,CALL,7750,2610.3,57.93
72,/GDAX77500R0.EX,15/05/2020,19/06/2020,PUT ,7750,41.4,57.46
73,/GDAX78000F0.EX,15/05/2020,19/06/2020,CALL,7800,2562.2,57.39
74,/GDAX78000R0.EX,15/05/2020,19/06/2020,PUT ,7800,43.3,56.97
75,/GDAX78500F0.EX,15/05/2020,19/06/2020,CALL,7850,2514.2,56.9
76,/GDAX78500R0.EX,15/05/2020,19/06/2020,PUT ,7850,45.3,56.46
77,/GDAX79000F0.EX,15/05/2020,19/06/2020,CALL,7900,2466.2,56.39
78,/GDAX79000R0.EX,15/05/2020,19/06/2020,PUT ,7900,47.4,55.99
79,/GDAX79500F0.EX,15/05/2020,19/06/2020,CALL,7950,2418.4,55.86
80,/GDAX79500R0.EX,15/05/2020,19/06/2020,PUT ,7950,49.6,55.5
81,/GDAX80000F0.EX,15/05/2020,19/06/2020,CALL,8000,2370.6,55.36
82,/GDAX80000R0.EX,15/05/2020,19/06/2020,PUT ,8000,51.8,55.01
83,/GDAX80500F0.EX,15/05/2020,19/06/2020,CALL,8050,2323,54.84
84,/GDAX80500R0.EX,15/05/2020,19/06/2020,PUT ,8050,54.2,54.5
85,/GDAX81000F0.EX,15/05/2020,19/06/2020,CALL,8100,2275.4,54.33
86,/GDAX81000R0.EX,15/05/2020,19/06/2020,PUT ,8100,56.8,54.03
87,/GDAX81500F0.EX,15/05/2020,19/06/2020,CALL,8150,2228.1,53.82
88,/GDAX81500R0.EX,15/05/2020,19/06/2020,PUT ,8150,59.4,53.52
89,/GDAX82000F0.EX,15/05/2020,19/06/2020,CALL,8200,2180.8,53.31
90,/GDAX82000R0.EX,15/05/2020,19/06/2020,PUT ,8200,62.2,53.05
91,/GDAX82500F0.EX,15/05/2020,19/06/2020,CALL,8250,2133.7,52.81
92,/GDAX82500R0.EX,15/05/2020,19/06/2020,PUT ,8250,65.1,52.55
93,/GDAX83000F0.EX,15/05/2020,19/06/2020,CALL,8300,2086.8,52.32
94,/GDAX83000R0.EX,15/05/2020,19/06/2020,PUT ,8300,68.2,52.07
95,/GDAX83500F0.EX,15/05/2020,19/06/2020,CALL,8350,2040,51.81
96,/GDAX83500R0.EX,15/05/2020,19/06/2020,PUT ,8350,71.5,51.57
97,/GDAX84000F0.EX,15/05/2020,19/06/2020,CALL,8400,1993.4,51.3
98,/GDAX84000R0.EX,15/05/2020,19/06/2020,PUT ,8400,74.9,51.08
99,/GDAX84500F0.EX,15/05/2020,19/06/2020,CALL,8450,1946.9,50.81
100,/GDAX84500R0.EX,15/05/2020,19/06/2020,PUT ,8450,78.5,50.59
101,/GDAX85000F0.EX,15/05/2020,19/06/2020,CALL,8500,1900.6,50.29
102,/GDAX85000R0.EX,15/05/2020,19/06/2020,PUT ,8500,82.2,50.1
103,/GDAX85500F0.EX,15/05/2020,19/06/2020,CALL,8550,1854.5,49.81
104,/GDAX85500R0.EX,15/05/2020,19/06/2020,PUT ,8550,86.1,49.62
105,/GDAX86000F0.EX,15/05/2020,19/06/2020,CALL,8600,1808.6,49.29
106,/GDAX86000R0.EX,15/05/2020,19/06/2020,PUT ,8600,90.3,49.13
107,/GDAX86500F0.EX,15/05/2020,19/06/2020,CALL,8650,1762.8,48.81
108,/GDAX86500R0.EX,15/05/2020,19/06/2020,PUT ,8650,94.6,48.65
109,/GDAX87000F0.EX,15/05/2020,19/06/2020,CALL,8700,1717.3,48.32
110,/GDAX87000R0.EX,15/05/2020,19/06/2020,PUT ,8700,99.1,48.16
111,/GDAX87500F0.EX,15/05/2020,19/06/2020,CALL,8750,1672,47.83
112,/GDAX87500R0.EX,15/05/2020,19/06/2020,PUT ,8750,103.8,47.69
113,/GDAX88000F0.EX,15/05/2020,19/06/2020,CALL,8800,1626.9,47.35
114,/GDAX88000R0.EX,15/05/2020,19/06/2020,PUT ,8800,108.8,47.21
115,/GDAX88500F0.EX,15/05/2020,19/06/2020,CALL,8850,1582,46.87
116,/GDAX88500R0.EX,15/05/2020,19/06/2020,PUT ,8850,113.9,46.73
117,/GDAX89000F0.EX,15/05/2020,19/06/2020,CALL,8900,1537.4,46.39
118,/GDAX89000R0.EX,15/05/2020,19/06/2020,PUT ,8900,119.3,46.25
119,/GDAX89500F0.EX,15/05/2020,19/06/2020,CALL,8950,1492.9,45.91
120,/GDAX89500R0.EX,15/05/2020,19/06/2020,PUT ,8950,124.9,45.79
121,/GDAX90000F0.EX,15/05/2020,19/06/2020,CALL,9000,1448.7,45.42
122,/GDAX90000R0.EX,15/05/2020,19/06/2020,PUT ,9000,130.7,45.32
123,/GDAX90500F0.EX,15/05/2020,19/06/2020,CALL,9050,1404.7,44.95
124,/GDAX90500R0.EX,15/05/2020,19/06/2020,PUT ,9050,136.7,44.85
125,/GDAX91000F0.EX,15/05/2020,19/06/2020,CALL,9100,1361,44.49
126,/GDAX91000R0.EX,15/05/2020,19/06/2020,PUT ,9100,143.1,44.39
127,/GDAX91500F0.EX,15/05/2020,19/06/2020,CALL,9150,1317.6,44.02
128,/GDAX91500R0.EX,15/05/2020,19/06/2020,PUT ,9150,149.7,43.92
129,/GDAX92000F0.EX,15/05/2020,19/06/2020,CALL,9200,1274.5,43.55
130,/GDAX92000R0.EX,15/05/2020,19/06/2020,PUT ,9200,156.6,43.45
131,/GDAX92500F0.EX,15/05/2020,19/06/2020,CALL,9250,1231.7,43.07
132,/GDAX92500R0.EX,15/05/2020,19/06/2020,PUT ,9250,163.9,43
133,/GDAX93000F0.EX,15/05/2020,19/06/2020,CALL,9300,1189.3,42.6
134,/GDAX93000R0.EX,15/05/2020,19/06/2020,PUT ,9300,171.5,42.53
135,/GDAX93500F0.EX,15/05/2020,19/06/2020,CALL,9350,1147.1,42.14
136,/GDAX93500R0.EX,15/05/2020,19/06/2020,PUT ,9350,179.5,42.06
137,/GDAX94000F0.EX,15/05/2020,19/06/2020,CALL,9400,1105.5,41.65
138,/GDAX94000R0.EX,15/05/2020,19/06/2020,PUT ,9400,187.8,41.58
139,/GDAX94500F0.EX,15/05/2020,19/06/2020,CALL,9450,1064.2,41.18
140,/GDAX94500R0.EX,15/05/2020,19/06/2020,PUT ,9450,196.6,41.12
141,/GDAX95000F0.EX,15/05/2020,19/06/2020,CALL,9500,1023.3,40.69
142,/GDAX95000R0.EX,15/05/2020,19/06/2020,PUT ,9500,205.7,40.63
143,/GDAX95500F0.EX,15/05/2020,19/06/2020,CALL,9550,982.9,40.22
144,/GDAX95500R0.EX,15/05/2020,19/06/2020,PUT ,9550,215.3,40.16
145,/GDAX96000F0.EX,15/05/2020,19/06/2020,CALL,9600,942.9,39.74
146,/GDAX96000R0.EX,15/05/2020,19/06/2020,PUT ,9600,225.3,39.69
147,/GDAX96500F0.EX,15/05/2020,19/06/2020,CALL,9650,903.3,39.27
148,/GDAX96500R0.EX,15/05/2020,19/06/2020,PUT ,9650,235.7,39.22
149,/GDAX97000F0.EX,15/05/2020,19/06/2020,CALL,9700,864.3,38.77
150,/GDAX97000R0.EX,15/05/2020,19/06/2020,PUT ,9700,246.7,38.74
151,/GDAX97500F0.EX,15/05/2020,19/06/2020,CALL,9750,825.8,38.3
152,/GDAX97500R0.EX,15/05/2020,19/06/2020,PUT ,9750,258.4,38.26
153,/GDAX98000F0.EX,15/05/2020,19/06/2020,CALL,9800,787.8,37.83
154,/GDAX98000R0.EX,15/05/2020,19/06/2020,PUT ,9800,270.3,37.79
155,/GDAX98500F0.EX,15/05/2020,19/06/2020,CALL,9850,750.4,37.36
156,/GDAX98500R0.EX,15/05/2020,19/06/2020,PUT ,9850,283.1,37.31
157,/GDAX99000F0.EX,15/05/2020,19/06/2020,CALL,9900,713.7,36.87
158,/GDAX99000R0.EX,15/05/2020,19/06/2020,PUT ,9900,296.3,36.84
159,/GDAX99500F0.EX,15/05/2020,19/06/2020,CALL,9950,677.5,36.4
160,/GDAX99500R0.EX,15/05/2020,19/06/2020,PUT ,9950,310.1,36.37
161,/GDAX100000F0.EX,15/05/2020,19/06/2020,CALL,10000,642,35.92
162,/GDAX100000R0.EX,15/05/2020,19/06/2020,PUT ,10000,324.7,35.89
163,/GDAX100500F0.EX,15/05/2020,19/06/2020,CALL,10050,607.2,35.45
164,/GDAX100500R0.EX,15/05/2020,19/06/2020,PUT ,10050,340.1,35.42
165,/GDAX101000F0.EX,15/05/2020,19/06/2020,CALL,10100,573.1,34.97
166,/GDAX101000R0.EX,15/05/2020,19/06/2020,PUT ,10100,355.9,34.94
167,/GDAX101500F0.EX,15/05/2020,19/06/2020,CALL,10150,539.7,34.49
168,/GDAX101500R0.EX,15/05/2020,19/06/2020,PUT ,10150,372.5,34.46
169,/GDAX102000F0.EX,15/05/2020,19/06/2020,CALL,10200,507.2,34.02
170,/GDAX102000R0.EX,15/05/2020,19/06/2020,PUT ,10200,390,33.99
171,/GDAX102500F0.EX,15/05/2020,19/06/2020,CALL,10250,475.4,33.53
172,/GDAX102500R0.EX,15/05/2020,19/06/2020,PUT ,10250,408.3,33.52
173,/GDAX103000F0.EX,15/05/2020,19/06/2020,CALL,10300,444.5,33.06
174,/GDAX103000R0.EX,15/05/2020,19/06/2020,PUT ,10300,427.5,33.04
175,/GDAX103500F0.EX,15/05/2020,19/06/2020,CALL,10350,414.5,32.57
176,/GDAX103500R0.EX,15/05/2020,19/06/2020,PUT ,10350,447.6,32.56
177,/GDAX104000F0.EX,15/05/2020,19/06/2020,CALL,10400,385.5,32.11
178,/GDAX104000R0.EX,15/05/2020,19/06/2020,PUT ,10400,468.6,32.09
179,/GDAX104500F0.EX,15/05/2020,19/06/2020,CALL,10450,357.4,31.62
180,/GDAX104500R0.EX,15/05/2020,19/06/2020,PUT ,10450,490.6,31.61
181,/GDAX105000F0.EX,15/05/2020,19/06/2020,CALL,10500,330.5,31.16
182,/GDAX105000R0.EX,15/05/2020,19/06/2020,PUT ,10500,513.6,31.14
183,/GDAX105500F0.EX,15/05/2020,19/06/2020,CALL,10550,304.4,30.68
184,/GDAX105500R0.EX,15/05/2020,19/06/2020,PUT ,10550,537.6,30.67
185,/GDAX106000F0.EX,15/05/2020,19/06/2020,CALL,10600,279.4,30.19
186,/GDAX106000R0.EX,15/05/2020,19/06/2020,PUT ,10600,562.6,30.19
187,/GDAX106500F0.EX,15/05/2020,19/06/2020,CALL,10650,255.7,29.74
188,/GDAX106500R0.EX,15/05/2020,19/06/2020,PUT ,10650,588.9,29.73
189,/GDAX107000F0.EX,15/05/2020,19/06/2020,CALL,10700,233,29.29
190,/GDAX107000R0.EX,15/05/2020,19/06/2020,PUT ,10700,616.3,29.29
191,/GDAX107500F0.EX,15/05/2020,19/06/2020,CALL,10750,211.8,28.86
192,/GDAX107500R0.EX,15/05/2020,19/06/2020,PUT ,10750,645.1,28.87
193,/GDAX108000F0.EX,15/05/2020,19/06/2020,CALL,10800,191.6,28.44
194,/GDAX108000R0.EX,15/05/2020,19/06/2020,PUT ,10800,675,28.44
195,/GDAX108500F0.EX,15/05/2020,19/06/2020,CALL,10850,172.9,28.05
196,/GDAX108500R0.EX,15/05/2020,19/06/2020,PUT ,10850,706.4,28.05
197,/GDAX109000F0.EX,15/05/2020,19/06/2020,CALL,10900,155.3,27.65
198,/GDAX109000R0.EX,15/05/2020,19/06/2020,PUT ,10900,738.7,27.65
199,/GDAX109500F0.EX,15/05/2020,19/06/2020,CALL,10950,138.9,27.27
200,/GDAX109500R0.EX,15/05/2020,19/06/2020,PUT ,10950,772.3,27.28
201,/GDAX110000F0.EX,15/05/2020,19/06/2020,CALL,11000,123.6,26.89
202,/GDAX110000R0.EX,15/05/2020,19/06/2020,PUT ,11000,807.1,26.89
203,/GDAX110500F0.EX,15/05/2020,19/06/2020,CALL,11050,109.4,26.5
204,/GDAX110500R0.EX,15/05/2020,19/06/2020,PUT ,11050,843,26.53
205,/GDAX111000F0.EX,15/05/2020,19/06/2020,CALL,11100,96.4,26.14
206,/GDAX111000R0.EX,15/05/2020,19/06/2020,PUT ,11100,880,26.15
207,/GDAX111500F0.EX,15/05/2020,19/06/2020,CALL,11150,84.4,25.77
208,/GDAX111500R0.EX,15/05/2020,19/06/2020,PUT ,11150,918,25.78
209,/GDAX112000F0.EX,15/05/2020,19/06/2020,CALL,11200,73.4,25.39
210,/GDAX112000R0.EX,15/05/2020,19/06/2020,PUT ,11200,957,25.4
211,/GDAX112500F0.EX,15/05/2020,19/06/2020,CALL,11250,63.5,25.01
212,/GDAX112500R0.EX,15/05/2020,19/06/2020,PUT ,11250,997.2,25.03
213,/GDAX113000F0.EX,15/05/2020,19/06/2020,CALL,11300,54.7,24.67
214,/GDAX113000R0.EX,15/05/2020,19/06/2020,PUT ,11300,1038.5,24.69
215,/GDAX113500F0.EX,15/05/2020,19/06/2020,CALL,11350,47.1,24.34
216,/GDAX113500R0.EX,15/05/2020,19/06/2020,PUT ,11350,1080.9,24.39
217,/GDAX114000F0.EX,15/05/2020,19/06/2020,CALL,11400,40.5,24.06
218,/GDAX114000R0.EX,15/05/2020,19/06/2020,PUT ,11400,1124.3,24.1
219,/GDAX114500F0.EX,15/05/2020,19/06/2020,CALL,11450,34.8,23.83
220,/GDAX114500R0.EX,15/05/2020,19/06/2020,PUT ,11450,1168.7,23.86
221,/GDAX115000F0.EX,15/05/2020,19/06/2020,CALL,11500,30,23.65
222,/GDAX115000R0.EX,15/05/2020,19/06/2020,PUT ,11500,1213.9,23.7
223,/GDAX115500F0.EX,15/05/2020,19/06/2020,CALL,11550,25.8,23.51
224,/GDAX115500R0.EX,15/05/2020,19/06/2020,PUT ,11550,1259.8,23.57
225,/GDAX116000F0.EX,15/05/2020,19/06/2020,CALL,11600,22.2,23.41
226,/GDAX116000R0.EX,15/05/2020,19/06/2020,PUT ,11600,1306.2,23.46
227,/GDAX116500F0.EX,15/05/2020,19/06/2020,CALL,11650,19.1,23.33
228,/GDAX116500R0.EX,15/05/2020,19/06/2020,PUT ,11650,1353.2,23.41
229,/GDAX117000F0.EX,15/05/2020,19/06/2020,CALL,11700,16.5,23.26
230,/GDAX117000R0.EX,15/05/2020,19/06/2020,PUT ,11700,1400.5,23.35
231,/GDAX117500F0.EX,15/05/2020,19/06/2020,CALL,11750,14.2,23.23
232,/GDAX117500R0.EX,15/05/2020,19/06/2020,PUT ,11750,1448.3,23.35
233,/GDAX118000F0.EX,15/05/2020,19/06/2020,CALL,11800,12.2,23.22
234,/GDAX118000R0.EX,15/05/2020,19/06/2020,PUT ,11800,1496.3,23.35
235,/GDAX118500F0.EX,15/05/2020,19/06/2020,CALL,11850,10.5,23.23
236,/GDAX118500R0.EX,15/05/2020,19/06/2020,PUT ,11850,1544.7,23.36
237,/GDAX119000F0.EX,15/05/2020,19/06/2020,CALL,11900,9.1,23.25
238,/GDAX119000R0.EX,15/05/2020,19/06/2020,PUT ,11900,1593.3,23.42
239,/GDAX119500F0.EX,15/05/2020,19/06/2020,CALL,11950,7.9,23.32
240,/GDAX119500R0.EX,15/05/2020,19/06/2020,PUT ,11950,1642.1,23.5
241,/GDAX120000F0.EX,15/05/2020,19/06/2020,CALL,12000,6.8,23.4
242,/GDAX120000R0.EX,15/05/2020,19/06/2020,PUT ,12000,1691.1,23.59
243,/GDAX120500F0.EX,15/05/2020,19/06/2020,CALL,12050,6,23.46
244,/GDAX120500R0.EX,15/05/2020,19/06/2020,PUT ,12050,1740.3,23.71
245,/GDAX121000F0.EX,15/05/2020,19/06/2020,CALL,12100,5.2,23.56
246,/GDAX121000R0.EX,15/05/2020,19/06/2020,PUT ,12100,1789.6,23.88
247,/GDAX121500F0.EX,15/05/2020,19/06/2020,CALL,12150,4.6,23.72
248,/GDAX121500R0.EX,15/05/2020,19/06/2020,PUT ,12150,1839,24
249,/GDAX122000F0.EX,15/05/2020,19/06/2020,CALL,12200,4,23.83
250,/GDAX122000R0.EX,15/05/2020,19/06/2020,PUT ,12200,1888.5,24.19
251,/GDAX122500F0.EX,15/05/2020,19/06/2020,CALL,12250,3.6,24.02
252,/GDAX122500R0.EX,15/05/2020,19/06/2020,PUT ,12250,1938.1,24.4
253,/GDAX123000F0.EX,15/05/2020,19/06/2020,CALL,12300,3.2,24.18
254,/GDAX123000R0.EX,15/05/2020,19/06/2020,PUT ,12300,1987.7,24.64
255,/GDAX123500F0.EX,15/05/2020,19/06/2020,CALL,12350,2.9,24.38
256,/GDAX123500R0.EX,15/05/2020,19/06/2020,PUT ,12350,2037.4,24.86
257,/GDAX124000F0.EX,15/05/2020,19/06/2020,CALL,12400,2.6,24.54
258,/GDAX124000R0.EX,15/05/2020,19/06/2020,PUT ,12400,2087.2,25.13
259,/GDAX124500F0.EX,15/05/2020,19/06/2020,CALL,12450,2.4,24.75
260,/GDAX124500R0.EX,15/05/2020,19/06/2020,PUT ,12450,2137,25.37
261,/GDAX125000F0.EX,15/05/2020,19/06/2020,CALL,12500,2.2,24.94
262,/GDAX125000R0.EX,15/05/2020,19/06/2020,PUT ,12500,2186.9,25.68
263,/GDAX125500F0.EX,15/05/2020,19/06/2020,CALL,12550,2,25.2
264,/GDAX125500R0.EX,15/05/2020,19/06/2020,PUT ,12550,2236.7,25.97
265,/GDAX126000F0.EX,15/05/2020,19/06/2020,CALL,12600,1.9,25.45
266,/GDAX126000R0.EX,15/05/2020,19/06/2020,PUT ,12600,2286.6,26.25
267,/GDAX126500F0.EX,15/05/2020,19/06/2020,CALL,12650,1.7,25.67
268,/GDAX126500R0.EX,15/05/2020,19/06/2020,PUT ,12650,2336.5,26.5
269,/GDAX127000F0.EX,15/05/2020,19/06/2020,CALL,12700,1.6,25.87
270,/GDAX127000R0.EX,15/05/2020,19/06/2020,PUT ,12700,2386.4,26.85
271,/GDAX127500F0.EX,15/05/2020,19/06/2020,CALL,12750,1.5,26.19
272,/GDAX127500R0.EX,15/05/2020,19/06/2020,PUT ,12750,2436.3,27.19
273,/GDAX128000F0.EX,15/05/2020,19/06/2020,CALL,12800,1.4,26.34
274,/GDAX128000R0.EX,15/05/2020,19/06/2020,PUT ,12800,2486.3,27.51
275,/GDAX128500F0.EX,15/05/2020,19/06/2020,CALL,12850,1.3,26.63
276,/GDAX128500R0.EX,15/05/2020,19/06/2020,PUT ,12850,2536.2,27.83
277,/GDAX129000F0.EX,15/05/2020,19/06/2020,CALL,12900,1.2,26.9
278,/GDAX129000R0.EX,15/05/2020,19/06/2020,PUT ,12900,2586.2,28.14
279,/GDAX129500F0.EX,15/05/2020,19/06/2020,CALL,12950,1.1,27.16
280,/GDAX129500R0.EX,15/05/2020,19/06/2020,PUT ,12950,2636.1,28.43
281,/GDAX130000F0.EX,15/05/2020,19/06/2020,CALL,13000,1,27.4
282,/GDAX130000R0.EX,15/05/2020,19/06/2020,PUT ,13000,2686.1,28.71
283,/GDAX130500F0.EX,15/05/2020,19/06/2020,CALL,13050,1,27.63
284,/GDAX130500R0.EX,15/05/2020,19/06/2020,PUT ,13050,2736.1,29.13
285,/GDAX131000F0.EX,15/05/2020,19/06/2020,CALL,13100,0.9,27.84
286,/GDAX131000R0.EX,15/05/2020,19/06/2020,PUT ,13100,2786,29.4
287,/GDAX131500F0.EX,15/05/2020,19/06/2020,CALL,13150,0.9,28.04
288,/GDAX131500R0.EX,15/05/2020,19/06/2020,PUT ,13150,2836,29.8
289,/GDAX132000F0.EX,15/05/2020,19/06/2020,CALL,13200,0.8,28.21
290,/GDAX132000R0.EX,15/05/2020,19/06/2020,PUT ,13200,2886,30.21
291,/GDAX132500F0.EX,15/05/2020,19/06/2020,CALL,13250,0.8,28.61
292,/GDAX132500R0.EX,15/05/2020,19/06/2020,PUT ,13250,2936,30.45
293,/GDAX133000F0.EX,15/05/2020,19/06/2020,CALL,13300,0.7,28.76
294,/GDAX133000R0.EX,15/05/2020,19/06/2020,PUT ,13300,2986,30.85
295,/GDAX133500F0.EX,15/05/2020,19/06/2020,CALL,13350,0.7,28.88
296,/GDAX133500R0.EX,15/05/2020,19/06/2020,PUT ,13350,3036,31.24
297,/GDAX134000F0.EX,15/05/2020,19/06/2020,CALL,13400,0.6,29.27
298,/GDAX134000R0.EX,15/05/2020,19/06/2020,PUT ,13400,3086,31.46
299,/GDAX134500F0.EX,15/05/2020,19/06/2020,CALL,13450,0.6,29.35
300,/GDAX134500R0.EX,15/05/2020,19/06/2020,PUT ,13450,3136,31.84
301,/GDAX135000F0.EX,15/05/2020,19/06/2020,CALL,13500,0.6,29.4
302,/GDAX135000R0.EX,15/05/2020,19/06/2020,PUT ,13500,3186,32.22
303,/GDAX135500F0.EX,15/05/2020,19/06/2020,CALL,13550,0.6,29.78
304,/GDAX135500R0.EX,15/05/2020,19/06/2020,PUT ,13550,3236,32.6
305,/GDAX136000F0.EX,15/05/2020,19/06/2020,CALL,13600,0.5,30.16
306,/GDAX136000R0.EX,15/05/2020,19/06/2020,PUT ,13600,3286,32.97
307,/GDAX136500F0.EX,15/05/2020,19/06/2020,CALL,13650,0.5,30.15
308,/GDAX136500R0.EX,15/05/2020,19/06/2020,PUT ,13650,3336,33.34
309,/GDAX137000F0.EX,15/05/2020,19/06/2020,CALL,13700,0.5,30.52
310,/GDAX137000R0.EX,15/05/2020,19/06/2020,PUT ,13700,3386.1,33.71
311,/GDAX137500F0.EX,15/05/2020,19/06/2020,CALL,13750,0.5,30.45
312,/GDAX137500R0.EX,15/05/2020,19/06/2020,PUT ,13750,3436.1,34.08
313,/GDAX138000F0.EX,15/05/2020,19/06/2020,CALL,13800,0.4,30.82
314,/GDAX138000R0.EX,15/05/2020,19/06/2020,PUT ,13800,3486.1,34.44
315,/GDAX138500F0.EX,15/05/2020,19/06/2020,CALL,13850,0.4,31.18
316,/GDAX138500R0.EX,15/05/2020,19/06/2020,PUT ,13850,3536.1,34.8
317,/GDAX139000F0.EX,15/05/2020,19/06/2020,CALL,13900,0.4,31.03
318,/GDAX139000R0.EX,15/05/2020,19/06/2020,PUT ,13900,3586.1,35.16
319,/GDAX139500F0.EX,15/05/2020,19/06/2020,CALL,13950,0.4,31.38
320,/GDAX139500R0.EX,15/05/2020,19/06/2020,PUT ,13950,3636.1,35.52
321,/GDAX140000F0.EX,15/05/2020,19/06/2020,CALL,14000,0.4,31.73
322,/GDAX140000R0.EX,15/05/2020,19/06/2020,PUT ,14000,3686.2,35.87
323,/GDAX140500F0.EX,15/05/2020,19/06/2020,CALL,14050,0.3,32.08
324,/GDAX140500R0.EX,15/05/2020,19/06/2020,PUT ,14050,3736.2,36.22
325,/GDAX141000F0.EX,15/05/2020,19/06/2020,CALL,14100,0.3,31.81
326,/GDAX141000R0.EX,15/05/2020,19/06/2020,PUT ,14100,3786.2,36.56
327,/GDAX141500F0.EX,15/05/2020,19/06/2020,CALL,14150,0.3,32.15
328,/GDAX141500R0.EX,15/05/2020,19/06/2020,PUT ,14150,3836.2,37.13
329,/GDAX142000F0.EX,15/05/2020,19/06/2020,CALL,14200,0.3,32.49
330,/GDAX142000R0.EX,15/05/2020,19/06/2020,PUT ,14200,3886.3,37.47
331,/GDAX142500F0.EX,15/05/2020,19/06/2020,CALL,14250,0.3,32.82
332,/GDAX142500R0.EX,15/05/2020,19/06/2020,PUT ,14250,3936.3,37.81
333,/GDAX143000F0.EX,15/05/2020,19/06/2020,CALL,14300,0.3,33.16
334,/GDAX143000R0.EX,15/05/2020,19/06/2020,PUT ,14300,3986.3,38.15
335,/GDAX143500F0.EX,15/05/2020,19/06/2020,CALL,14350,0.3,32.71
336,/GDAX143500R0.EX,15/05/2020,19/06/2020,PUT ,14350,4036.4,38.49
337,/GDAX144000F0.EX,15/05/2020,19/06/2020,CALL,14400,0.3,33.03
338,/GDAX144000R0.EX,15/05/2020,19/06/2020,PUT ,14400,4086.4,39.05
339,/GDAX144500F0.EX,15/05/2020,19/06/2020,CALL,14450,0.3,33.36
340,/GDAX144500R0.EX,15/05/2020,19/06/2020,PUT ,14450,4136.4,39.38
341,/GDAX145000F0.EX,15/05/2020,19/06/2020,CALL,14500,0.3,33.68
342,/GDAX145000R0.EX,15/05/2020,19/06/2020,PUT ,14500,4186.4,39.72
343,/GDAX145500F0.EX,15/05/2020,19/06/2020,CALL,14550,0.2,34
344,/GDAX145500R0.EX,15/05/2020,19/06/2020,PUT ,14550,4236.5,40.05
345,/GDAX146000F0.EX,15/05/2020,19/06/2020,CALL,14600,0.2,34.32
346,/GDAX146000R0.EX,15/05/2020,19/06/2020,PUT ,14600,4286.5,40.6
347,/GDAX146500F0.EX,15/05/2020,19/06/2020,CALL,14650,0.2,34.64
348,/GDAX146500R0.EX,15/05/2020,19/06/2020,PUT ,14650,4336.5,40.93
349,/GDAX147000F0.EX,15/05/2020,19/06/2020,CALL,14700,0.2,34.96
350,/GDAX147000R0.EX,15/05/2020,19/06/2020,PUT ,14700,4386.6,41.25
351,/GDAX147500F0.EX,15/05/2020,19/06/2020,CALL,14750,0.2,35.27
352,/GDAX147500R0.EX,15/05/2020,19/06/2020,PUT ,14750,4436.6,41.58
353,/GDAX148000F0.EX,15/05/2020,19/06/2020,CALL,14800,0.2,34.49
354,/GDAX148000R0.EX,15/05/2020,19/06/2020,PUT ,14800,4486.6,42.13
355,/GDAX148500F0.EX,15/05/2020,19/06/2020,CALL,14850,0.2,34.79
356,/GDAX148500R0.EX,15/05/2020,19/06/2020,PUT ,14850,4536.7,42.45
357,/GDAX149000F0.EX,15/05/2020,19/06/2020,CALL,14900,0.2,35.09
358,/GDAX149000R0.EX,15/05/2020,19/06/2020,PUT ,14900,4586.7,42.77
359,/GDAX149500F0.EX,15/05/2020,19/06/2020,CALL,14950,0.2,35.4
360,/GDAX149500R0.EX,15/05/2020,19/06/2020,PUT ,14950,4636.7,43.32
361,/GDAX150000F0.EX,15/05/2020,19/06/2020,CALL,15000,0.2,35.7
362,/GDAX150000R0.EX,15/05/2020,19/06/2020,PUT ,15000,4686.8,43.64
363,/GDAX155000F0.EX,15/05/2020,19/06/2020,CALL,15500,0.2,38.64
364,/GDAX155000R0.EX,15/05/2020,19/06/2020,PUT ,15500,5187.1,47.43
365,/GDAX160000F0.EX,15/05/2020,19/06/2020,CALL,16000,0.1,39.5
366,/GDAX160000R0.EX,15/05/2020,19/06/2020,PUT ,16000,5687.5,51.09
367,/GDAX165000F0.EX,15/05/2020,19/06/2020,CALL,16500,0.1,42.11
368,/GDAX165000R0.EX,15/05/2020,19/06/2020,PUT ,16500,6187.8,54.88
369,/GDAX170000F0.EX,15/05/2020,19/06/2020,CALL,17000,0.1,44.63
370,/GDAX170000R0.EX,15/05/2020,19/06/2020,PUT ,17000,6688.2,58.55
371,/GDAX175000F0.EX,15/05/2020,19/06/2020,CALL,17500,0.1,47.07
372,/GDAX175000R0.EX,15/05/2020,19/06/2020,PUT ,17500,7188.6,61.89
373,/GDAX180000F0.EX,15/05/2020,19/06/2020,CALL,18000,0.1,49.42
374,/GDAX180000R0.EX,15/05/2020,19/06/2020,PUT ,18000,7689,65.37
375,/GDAX185000F0.EX,15/05/2020,19/06/2020,CALL,18500,0.1,51.7
376,/GDAX185000R0.EX,15/05/2020,19/06/2020,PUT ,18500,8189.4,68.53
377,/GDAX190000F0.EX,15/05/2020,19/06/2020,CALL,19000,0.1,53.91
378,/GDAX190000R0.EX,15/05/2020,19/06/2020,PUT ,19000,8689.8,71.82
